{"cameraMode":{"drawMode":0,"name":"Shaded","section":"Shading Mode"},"sceneLighting":true,"audioPlay":false,"sceneViewState":{"m_AlwaysRefresh":false,"showFog":true,"showSkybox":true,"showFlares":true,"showImageEffects":true,"showParticleSystems":true,"showVisualEffectGraphs":true,"m_FxEnabled":true},"in2DMode":false,"pivot":{"x":-10.89455509185791,"y":-1.7221202850341797,"z":19.618202209472658},"rotation":{"x":-0.07319367676973343,"y":0.12146303802728653,"z":-0.008981424383819104,"w":-0.9898539781570435},"size":17.247093200683595,"orthographic":false}