{"cameraMode":{"drawMode":0,"name":"Shaded","section":"Shading Mode"},"sceneLighting":true,"audioPlay":false,"sceneViewState":{"m_AlwaysRefresh":false,"showFog":true,"showSkybox":true,"showFlares":true,"showImageEffects":true,"showParticleSystems":true,"showVisualEffectGraphs":true,"m_FxEnabled":true},"in2DMode":false,"pivot":{"x":-4.637945175170898,"y":-4.626487731933594,"z":21.941993713378908},"rotation":{"x":-0.17194528877735139,"y":0.007976938970386982,"z":-0.0013925025705248118,"w":-0.9850744009017944},"size":16.290693283081056,"orthographic":false}