{"cameraMode":{"drawMode":0,"name":"Shaded","section":"Shading Mode"},"sceneLighting":true,"audioPlay":false,"sceneViewState":{"m_AlwaysRefresh":false,"showFog":true,"showSkybox":true,"showFlares":true,"showImageEffects":true,"showParticleSystems":true,"showVisualEffectGraphs":true,"m_FxEnabled":true},"in2DMode":false,"pivot":{"x":2.609358787536621,"y":-3.864278793334961,"z":21.556501388549806},"rotation":{"x":-0.12086597084999085,"y":-0.10195993632078171,"z":0.012481315061450005,"w":-0.9873411059379578},"size":17.733299255371095,"orthographic":false}